name,version,variant,arch,os,filename,date,size,checksum,integrity
nginx,1.18.0,,aarch64,linux,nginx-1.18.0-aarch64-linux,2022-05-15T02:33:46Z,4000456,sha1:d627a221fc5cbe87ad577349be6e9629ba870a15,sha1-d627a221fc5cbe87ad577349be6e9629ba870a15
nginx,1.18.0,,armv7l,linux,nginx-1.18.0-armv7l-linux,2022-05-15T02:33:46Z,2827792,sha1:f7c5473b7e8cdb544315d36965619cb1fab97d45,sha1-f7c5473b7e8cdb544315d36965619cb1fab97d45
nginx,1.18.0,,ppc64le,linux,nginx-1.18.0-ppc64le-linux,2022-05-15T02:33:47Z,4599312,sha1:e994135af2868797ff2ca950d102dd49ed79db43,sha1-e994135af2868797ff2ca950d102dd49ed79db43
nginx,1.18.0,,x86_64,darwin,nginx-1.18.0-x86_64-darwin,2022-05-15T02:33:47Z,4266624,sha1:1fda9e37856896283f6281922a91d729015ddf3c,sha1-1fda9e37856896283f6281922a91d729015ddf3c
nginx,1.18.0,,x86_64,linux,nginx-1.18.0-x86_64-linux,2022-05-15T02:33:47Z,4287688,sha1:319624c5600f37bc7cf18f94abab0ff223ca6364,sha1-319624c5600f37bc7cf18f94abab0ff223ca6364
nginx,1.18.0,,x86_64,win32,nginx-1.18.0-x86_64-win32.exe,2022-05-08T02:26:02Z,3051008,sha1:40c4be6b915892e8fa8300dc07cb3348fd878e3d,sha1-40c4be6b915892e8fa8300dc07cb3348fd878e3d
nginx,1.19.10,,aarch64,linux,nginx-1.19.10-aarch64-linux,2021-05-05T17:25:36Z,4762128,sha1:814a4cdf8a0e33a9def40a6ea4b23c11028817a0,sha1-814a4cdf8a0e33a9def40a6ea4b23c11028817a0
nginx,1.19.10,,armv7l,linux,nginx-1.19.10-armv7l-linux,2021-05-05T17:25:36Z,3215888,sha1:a2cfa558dfcbebe583416c82b4c0a910fa1849d6,sha1-a2cfa558dfcbebe583416c82b4c0a910fa1849d6
nginx,1.19.10,,ppc64le,linux,nginx-1.19.10-ppc64le-linux,2021-05-05T17:25:36Z,5328072,sha1:ea66c3f0b70031cf328cdc06d0997895d43d9f6e,sha1-ea66c3f0b70031cf328cdc06d0997895d43d9f6e
nginx,1.19.10,,x86_64,darwin,nginx-1.19.10-x86_64-darwin,2021-05-05T17:25:37Z,4216728,sha1:ac45ca5d3e32acbd38431b4ba36a5c97e4eab224,sha1-ac45ca5d3e32acbd38431b4ba36a5c97e4eab224
nginx,1.19.10,,x86_64,linux,nginx-1.19.10-x86_64-linux,2021-05-05T17:25:38Z,5046744,sha1:4c0a54d0a43283189339dbfe26a88358c7648a90,sha1-4c0a54d0a43283189339dbfe26a88358c7648a90
nginx,1.19.10,,x86_64,win32,nginx-1.19.10-x86_64-win32.exe,2021-06-13T01:23:49Z,3048448,sha1:5e924cff21867f29cf90c5b8820c7862ef8ba39e,sha1-5e924cff21867f29cf90c5b8820c7862ef8ba39e
nginx,1.19.5,,aarch64,linux,nginx-1.19.5-aarch64-linux,2021-01-15T20:52:44Z,4739712,sha1:ca6edc9963a93843fdbdfe09dc3cdbc0bee8a58d,sha1-ca6edc9963a93843fdbdfe09dc3cdbc0bee8a58d
nginx,1.19.5,,armv7l,linux,nginx-1.19.5-armv7l-linux,2021-01-15T20:52:44Z,3202472,sha1:d46c913e08edecc814f02dd0008d03c9f8692c89,sha1-d46c913e08edecc814f02dd0008d03c9f8692c89
nginx,1.19.5,,ppc64le,linux,nginx-1.19.5-ppc64le-linux,2021-01-15T21:19:25Z,5326120,sha1:e3783f7a362b04120db676de4cf1c3204600aa6f,sha1-e3783f7a362b04120db676de4cf1c3204600aa6f
nginx,1.19.5,,x86_64,darwin,nginx-1.19.5-x86_64-darwin,2021-01-15T20:52:44Z,4200016,sha1:a9bec9e81b1552f73a014092a663d1316bb80a24,sha1-a9bec9e81b1552f73a014092a663d1316bb80a24
nginx,1.19.5,,x86_64,linux,nginx-1.19.5-x86_64-linux,2021-01-15T20:52:44Z,5020312,sha1:d4495790bb2afc60b8f9eae073aaa50b19209bf8,sha1-d4495790bb2afc60b8f9eae073aaa50b19209bf8
nginx,1.19.5,,x86_64,win32,nginx-1.19.5-x86_64-win32.exe,2021-01-15T21:19:25Z,3045376,sha1:3961d69b7481331ca32a2819adb5871257482bde,sha1-3961d69b7481331ca32a2819adb5871257482bde
nginx,1.19.6,,aarch64,linux,nginx-1.19.6-aarch64-linux,2021-01-15T22:04:11Z,4739712,sha1:f0ccf43818edf2a0b14f6cc495956abe27e72581,sha1-f0ccf43818edf2a0b14f6cc495956abe27e72581
nginx,1.19.6,,armv7l,linux,nginx-1.19.6-armv7l-linux,2021-01-15T22:04:11Z,3202472,sha1:3423892f4a6e65584088d548f01b653a1966d0d8,sha1-3423892f4a6e65584088d548f01b653a1966d0d8
nginx,1.19.6,,ppc64le,linux,nginx-1.19.6-ppc64le-linux,2021-01-15T22:04:11Z,5326120,sha1:607a680bc3a970f5badba413d5087970ad8d46c3,sha1-607a680bc3a970f5badba413d5087970ad8d46c3
nginx,1.19.6,,x86_64,darwin,nginx-1.19.6-x86_64-darwin,2021-01-31T01:20:12Z,4200016,sha1:4ca7bdce69e914beba6359516454cd3ea3dfca62,sha1-4ca7bdce69e914beba6359516454cd3ea3dfca62
nginx,1.19.6,,x86_64,linux,nginx-1.19.6-x86_64-linux,2021-01-15T22:04:11Z,5020312,sha1:2ec5aadb3fcbe4c5ded7bbe067a5758c4a36aa0e,sha1-2ec5aadb3fcbe4c5ded7bbe067a5758c4a36aa0e
nginx,1.19.6,,x86_64,win32,nginx-1.19.6-x86_64-win32.exe,2021-02-14T01:09:25Z,3045888,sha1:68320b962b27b6a06e62305a89ab95e5719b01fe,sha1-68320b962b27b6a06e62305a89ab95e5719b01fe
nginx,1.19.7,,aarch64,linux,nginx-1.19.7-aarch64-linux,2021-02-18T12:23:52Z,4757488,sha1:0e7d4996c3588887af3a14603ff67cd2d574f5a3,sha1-0e7d4996c3588887af3a14603ff67cd2d574f5a3
nginx,1.19.7,,armv7l,linux,nginx-1.19.7-armv7l-linux,2021-02-18T12:23:52Z,3211504,sha1:d6172d781cb3c6d11fa8f4d286b322dc87edbd34,sha1-d6172d781cb3c6d11fa8f4d286b322dc87edbd34
nginx,1.19.7,,ppc64le,linux,nginx-1.19.7-ppc64le-linux,2021-02-18T12:23:52Z,5327528,sha1:9a2064e20b4efa2b3e2c4f75376e246f96f2fbd0,sha1-9a2064e20b4efa2b3e2c4f75376e246f96f2fbd0
nginx,1.19.7,,x86_64,darwin,nginx-1.19.7-x86_64-darwin,2021-03-03T21:29:34Z,4216680,sha1:0e28e249b307fa797c8946212adb9426a0e1b836,sha1-0e28e249b307fa797c8946212adb9426a0e1b836
nginx,1.19.7,,x86_64,linux,nginx-1.19.7-x86_64-linux,2021-02-18T12:23:52Z,5042104,sha1:f54da5caa0a5956f0c13e6a31abee25606c56717,sha1-f54da5caa0a5956f0c13e6a31abee25606c56717
nginx,1.19.7,,x86_64,win32,nginx-1.19.7-x86_64-win32.exe,2021-03-07T01:14:50Z,3046400,sha1:4725137c4d92727ac0555f48ada4dd6b7ad407e8,sha1-4725137c4d92727ac0555f48ada4dd6b7ad407e8
nginx,1.19.8,,aarch64,linux,nginx-1.19.8-aarch64-linux,2021-03-28T00:43:27Z,4761904,sha1:6c5131406e702e4f64ca565adc740b8c24010064,sha1-6c5131406e702e4f64ca565adc740b8c24010064
nginx,1.19.8,,armv7l,linux,nginx-1.19.8-armv7l-linux,2021-03-28T00:43:27Z,3215776,sha1:ca076c272608a22fbb60eb496ef5b8f16630e211,sha1-ca076c272608a22fbb60eb496ef5b8f16630e211
nginx,1.19.8,,ppc64le,linux,nginx-1.19.8-ppc64le-linux,2021-03-28T00:43:27Z,5327848,sha1:755af0df58341a01f59643666c524b1fbcd10261,sha1-755af0df58341a01f59643666c524b1fbcd10261
nginx,1.19.8,,x86_64,darwin,nginx-1.19.8-x86_64-darwin,2021-03-10T22:14:51Z,4216704,sha1:3ed5dae29628c28a3bf45783938ce9f908532eaa,sha1-3ed5dae29628c28a3bf45783938ce9f908532eaa
nginx,1.19.8,,x86_64,linux,nginx-1.19.8-x86_64-linux,2021-03-28T00:43:28Z,5042424,sha1:475bab85cdcf1c6b9e8b2a5c74aab92e8c721c75,sha1-475bab85cdcf1c6b9e8b2a5c74aab92e8c721c75
nginx,1.19.8,,x86_64,win32,nginx-1.19.8-x86_64-win32.exe,2021-03-28T00:43:28Z,3047424,sha1:baf8a0cf40eac158be40aa94f5df6f456f2caa04,sha1-baf8a0cf40eac158be40aa94f5df6f456f2caa04
nginx,1.19.9,,aarch64,linux,nginx-1.19.9-aarch64-linux,2021-04-02T14:52:11Z,4761960,sha1:d7e79f0c8b7a173e2e9c815385d330c8ba86ce53,sha1-d7e79f0c8b7a173e2e9c815385d330c8ba86ce53
nginx,1.19.9,,armv7l,linux,nginx-1.19.9-armv7l-linux,2021-04-02T14:52:11Z,3215800,sha1:7fbb35214a91ea54a6b3f8bd6f5d0d95bda4ad92,sha1-7fbb35214a91ea54a6b3f8bd6f5d0d95bda4ad92
nginx,1.19.9,,ppc64le,linux,nginx-1.19.9-ppc64le-linux,2021-04-02T14:52:11Z,5327904,sha1:bdc9deeec08b01392a20ab10378f6fbfb4729427,sha1-bdc9deeec08b01392a20ab10378f6fbfb4729427
nginx,1.19.9,,x86_64,darwin,nginx-1.19.9-x86_64-darwin,2021-04-02T14:52:12Z,4216712,sha1:2b5ddc2439f62eac448ddc9c3a39b388c6525512,sha1-2b5ddc2439f62eac448ddc9c3a39b388c6525512
nginx,1.19.9,,x86_64,linux,nginx-1.19.9-x86_64-linux,2021-04-02T14:52:12Z,5046584,sha1:328feb3f90a4bbb73a0c702102b983e3817f36d0,sha1-328feb3f90a4bbb73a0c702102b983e3817f36d0
nginx,1.19.9,,x86_64,win32,nginx-1.19.9-x86_64-win32.exe,2021-04-11T00:43:45Z,3047424,sha1:f5855d0aeaa74c30571633af729bc1d231ca22e1,sha1-f5855d0aeaa74c30571633af729bc1d231ca22e1
nginx,1.20.0,,aarch64,linux,nginx-1.20.0-aarch64-linux,2021-05-05T17:25:38Z,4762128,sha1:b2763118c787b891d2f8aa1f135ee441430a2cd0,sha1-b2763118c787b891d2f8aa1f135ee441430a2cd0
nginx,1.20.0,,armv7l,linux,nginx-1.20.0-armv7l-linux,2021-05-05T17:25:38Z,3215888,sha1:bbed8adcf446a12aeb2e3ecde3956915e2f181fe,sha1-bbed8adcf446a12aeb2e3ecde3956915e2f181fe
nginx,1.20.0,,ppc64le,linux,nginx-1.20.0-ppc64le-linux,2021-05-05T17:25:39Z,5328072,sha1:1fd4434014f73f10e0e5424b2e22da7ea63725df,sha1-1fd4434014f73f10e0e5424b2e22da7ea63725df
nginx,1.20.0,,x86_64,darwin,nginx-1.20.0-x86_64-darwin,2021-05-05T17:25:39Z,4216728,sha1:280ba51c5c388e7c1777ce30479a5e6409a2e959,sha1-280ba51c5c388e7c1777ce30479a5e6409a2e959
nginx,1.20.0,,x86_64,linux,nginx-1.20.0-x86_64-linux,2021-05-05T17:25:40Z,5046744,sha1:86d4f3e042333d05d01feeb182c09270d6ae9cc2,sha1-86d4f3e042333d05d01feeb182c09270d6ae9cc2
nginx,1.20.0,,x86_64,win32,nginx-1.20.0-x86_64-win32.exe,2021-05-05T17:25:40Z,3048448,sha1:977d8d67dda0b10d1be7690f858b98bf839edab2,sha1-977d8d67dda0b10d1be7690f858b98bf839edab2
nginx,1.20.1,,aarch64,linux,nginx-1.20.1-aarch64-linux,2021-10-21T01:18:55Z,4015504,sha1:8e2ad3cad558cc264b1e86f3b45d7074da028616,sha1-8e2ad3cad558cc264b1e86f3b45d7074da028616
nginx,1.20.1,,armv7l,linux,nginx-1.20.1-armv7l-linux,2021-10-21T01:18:56Z,2846896,sha1:dad9c00419aadeb527de23ae54d91537626d7460,sha1-dad9c00419aadeb527de23ae54d91537626d7460
nginx,1.20.1,,ppc64le,linux,nginx-1.20.1-ppc64le-linux,2021-10-21T01:18:56Z,4597952,sha1:56ed6f04137800e6fe5f591eee51c81b31e2b44d,sha1-56ed6f04137800e6fe5f591eee51c81b31e2b44d
nginx,1.20.1,,x86_64,darwin,nginx-1.20.1-x86_64-darwin,2021-10-20T17:53:29Z,4282984,sha1:1785101c5fb6674b6c9c611be3cb3395d2a0f257,sha1-1785101c5fb6674b6c9c611be3cb3395d2a0f257
nginx,1.20.1,,x86_64,linux,nginx-1.20.1-x86_64-linux,2021-10-21T01:18:56Z,4300936,sha1:9d5d26c7cea53790ecdc179dddf452e28ca77312,sha1-9d5d26c7cea53790ecdc179dddf452e28ca77312
nginx,1.20.1,,x86_64,win32,nginx-1.20.1-x86_64-win32.exe,2021-09-12T01:29:30Z,3050496,sha1:b4cdbad7b64ddd8581a24e89b4d60dbe8fcbb83c,sha1-b4cdbad7b64ddd8581a24e89b4d60dbe8fcbb83c
nginx,1.20.2,,aarch64,linux,nginx-1.20.2-aarch64-linux,2022-11-20T02:29:13Z,4044976,sha1:6c4a89ac53a6d9875e42d4da883e187dd79613a6,sha1-6c4a89ac53a6d9875e42d4da883e187dd79613a6
nginx,1.20.2,,armv7l,linux,nginx-1.20.2-armv7l-linux,2022-11-20T02:29:13Z,2858376,sha1:827619ce00fa4a6f9df2a643caf3f35607fa1b42,sha1-827619ce00fa4a6f9df2a643caf3f35607fa1b42
nginx,1.20.2,,ppc64le,linux,nginx-1.20.2-ppc64le-linux,2022-11-20T02:29:13Z,4602840,sha1:d2a6acf2d8fa367a60fb1a1b893e37828a2b6e65,sha1-d2a6acf2d8fa367a60fb1a1b893e37828a2b6e65
nginx,1.20.2,,x86_64,darwin,nginx-1.20.2-x86_64-darwin,2023-01-22T02:08:46Z,5143704,sha1:5bd47881f15a1c01a948e036b77b96ab7bb8e6a0,sha1-5bd47881f15a1c01a948e036b77b96ab7bb8e6a0
nginx,1.20.2,,x86_64,linux,nginx-1.20.2-x86_64-linux,2022-11-20T02:29:13Z,4332424,sha1:19cbdbf37d986afeddeee8a4a521fd57b5466057,sha1-19cbdbf37d986afeddeee8a4a521fd57b5466057
nginx,1.20.2,,x86_64,win32,nginx-1.20.2-x86_64-win32.exe,2023-01-29T02:11:21Z,3041280,sha1:d9d61b577ddcfde1ec964a6c7323418573833615,sha1-d9d61b577ddcfde1ec964a6c7323418573833615
nginx,1.21.0,,aarch64,linux,nginx-1.21.0-aarch64-linux,2021-07-04T01:24:11Z,4775144,sha1:edf59ab1bd8726b12f0f13bead54ba9c17868d41,sha1-edf59ab1bd8726b12f0f13bead54ba9c17868d41
nginx,1.21.0,,armv7l,linux,nginx-1.21.0-armv7l-linux,2021-07-04T01:24:11Z,3224440,sha1:5563af48839e6d1d8757fcea16053465b0b7f983,sha1-5563af48839e6d1d8757fcea16053465b0b7f983
nginx,1.21.0,,ppc64le,linux,nginx-1.21.0-ppc64le-linux,2021-07-04T01:24:11Z,5328800,sha1:00f0b50b5950f734f88e6d30612d37adbf14a590,sha1-00f0b50b5950f734f88e6d30612d37adbf14a590
nginx,1.21.0,,x86_64,darwin,nginx-1.21.0-x86_64-darwin,2021-07-04T01:24:12Z,4233192,sha1:5b8daa926dc56312578d0be0f52c3212f5b4587c,sha1-5b8daa926dc56312578d0be0f52c3212f5b4587c
nginx,1.21.0,,x86_64,linux,nginx-1.21.0-x86_64-linux,2021-07-04T01:24:13Z,5059928,sha1:1c4f901df99ac79a26ba95ca34c079c814a3beec,sha1-1c4f901df99ac79a26ba95ca34c079c814a3beec
nginx,1.21.0,,x86_64,win32,nginx-1.21.0-x86_64-win32.exe,2021-06-15T17:01:10Z,3049472,sha1:f1e859ab5d89dfffd588fb10ac31537940f7b082,sha1-f1e859ab5d89dfffd588fb10ac31537940f7b082
nginx,1.21.1,,aarch64,linux,nginx-1.21.1-aarch64-linux,2021-08-29T01:23:02Z,4779240,sha1:dd9404dd54f65dbc904affa34966c1761e79253c,sha1-dd9404dd54f65dbc904affa34966c1761e79253c
nginx,1.21.1,,armv7l,linux,nginx-1.21.1-armv7l-linux,2021-08-29T01:23:02Z,3224440,sha1:6e05abb52a3ea58cd13490d4a97bf7448f86d379,sha1-6e05abb52a3ea58cd13490d4a97bf7448f86d379
nginx,1.21.1,,ppc64le,linux,nginx-1.21.1-ppc64le-linux,2021-08-29T01:23:02Z,5328800,sha1:959f5e5cc29bb01d69711beb7d35ee04e4438047,sha1-959f5e5cc29bb01d69711beb7d35ee04e4438047
nginx,1.21.1,,x86_64,darwin,nginx-1.21.1-x86_64-darwin,2021-07-11T01:27:30Z,4233192,sha1:039f1f61c7756ea893906fccd27ba549e06cca9c,sha1-039f1f61c7756ea893906fccd27ba549e06cca9c
nginx,1.21.1,,x86_64,linux,nginx-1.21.1-x86_64-linux,2021-08-29T01:23:02Z,5068120,sha1:207aaa63534b21b4fe70c30d18d997fc8affc167,sha1-207aaa63534b21b4fe70c30d18d997fc8affc167
nginx,1.21.1,,x86_64,win32,nginx-1.21.1-x86_64-win32.exe,2021-08-29T01:23:02Z,3049984,sha1:6c8a7e94e7b6ff423c17e793e234cd4e5f10079f,sha1-6c8a7e94e7b6ff423c17e793e234cd4e5f10079f
nginx,1.21.2,,aarch64,linux,nginx-1.21.2-aarch64-linux,2021-09-01T00:26:31Z,4799904,sha1:1bdc4e687e4cbe77baf84e8e186c191165ef54ad,sha1-1bdc4e687e4cbe77baf84e8e186c191165ef54ad
nginx,1.21.2,,armv7l,linux,nginx-1.21.2-armv7l-linux,2021-09-01T00:26:31Z,3245024,sha1:35b54c3d891216150449e6d389f1b87f60309d5d,sha1-35b54c3d891216150449e6d389f1b87f60309d5d
nginx,1.21.2,,ppc64le,linux,nginx-1.21.2-ppc64le-linux,2021-09-01T00:26:32Z,5394536,sha1:0781e70e6ae5106ff7f28abbf071678aa0a5ea63,sha1-0781e70e6ae5106ff7f28abbf071678aa0a5ea63
nginx,1.21.2,,x86_64,darwin,nginx-1.21.2-x86_64-darwin,2021-09-05T01:26:10Z,4249648,sha1:950cea2f641fbc48d0e24fc0b2e7295d9cb4f668,sha1-950cea2f641fbc48d0e24fc0b2e7295d9cb4f668
nginx,1.21.2,,x86_64,linux,nginx-1.21.2-x86_64-linux,2021-09-01T00:26:32Z,5088856,sha1:43333fb74ee29a06ef647b9b3c6a260813d3b8d9,sha1-43333fb74ee29a06ef647b9b3c6a260813d3b8d9
nginx,1.21.2,,x86_64,win32,nginx-1.21.2-x86_64-win32.exe,2021-09-01T00:26:32Z,3052032,sha1:d655c405c482931d4f30a40cb10146471451f8e8,sha1-d655c405c482931d4f30a40cb10146471451f8e8
nginx,1.21.3,,aarch64,linux,nginx-1.21.3-aarch64-linux,2021-10-21T01:18:56Z,4019600,sha1:6a27959e6ab417e4e555c1d10845bf87f6b08280,sha1-6a27959e6ab417e4e555c1d10845bf87f6b08280
nginx,1.21.3,,armv7l,linux,nginx-1.21.3-armv7l-linux,2021-10-21T01:18:56Z,2846896,sha1:6068424e4930ebf8ef7896969d54b0f81e0d1e44,sha1-6068424e4930ebf8ef7896969d54b0f81e0d1e44
nginx,1.21.3,,ppc64le,linux,nginx-1.21.3-ppc64le-linux,2021-10-21T01:18:57Z,4597952,sha1:011cc33f47c66edf19a04b2b16ae1dae529e1135,sha1-011cc33f47c66edf19a04b2b16ae1dae529e1135
nginx,1.21.3,,x86_64,darwin,nginx-1.21.3-x86_64-darwin,2021-10-20T17:53:30Z,4282760,sha1:0870b274b6313436490cb5c9020706920f38c48d,sha1-0870b274b6313436490cb5c9020706920f38c48d
nginx,1.21.3,,x86_64,linux,nginx-1.21.3-x86_64-linux,2021-10-21T01:18:57Z,4305032,sha1:a77ad47f71f8aafc0961f3342990a8ba59c09bff,sha1-a77ad47f71f8aafc0961f3342990a8ba59c09bff
nginx,1.21.3,,x86_64,win32,nginx-1.21.3-x86_64-win32.exe,2021-09-12T01:29:30Z,3052544,sha1:ac587764e061738e7e3532f3f0a36f09c4d2755a,sha1-ac587764e061738e7e3532f3f0a36f09c4d2755a
nginx,1.21.4,,aarch64,linux,nginx-1.21.4-aarch64-linux,2021-11-28T23:08:01Z,4019656,sha1:306cf883493e98ee1cc81ebee333b7729f68a5ac,sha1-306cf883493e98ee1cc81ebee333b7729f68a5ac
nginx,1.21.4,,armv7l,linux,nginx-1.21.4-armv7l-linux,2021-11-28T23:08:02Z,2846928,sha1:49a871b6f7270ceec25d1db7a4eba62ad5586207,sha1-49a871b6f7270ceec25d1db7a4eba62ad5586207
nginx,1.21.4,,ppc64le,linux,nginx-1.21.4-ppc64le-linux,2021-11-28T23:08:02Z,4598008,sha1:84f865cd511423941448811ab75c3503938869af,sha1-84f865cd511423941448811ab75c3503938869af
nginx,1.21.4,,x86_64,darwin,nginx-1.21.4-x86_64-darwin,2021-12-28T11:01:53Z,5111760,sha1:f49399823317d47353cf4f822bafcc6cca57430a,sha1-f49399823317d47353cf4f822bafcc6cca57430a
nginx,1.21.4,,x86_64,linux,nginx-1.21.4-x86_64-linux,2021-11-28T23:08:03Z,4305096,sha1:7a11dba401997e690adf253996bb7e6637ad92bb,sha1-7a11dba401997e690adf253996bb7e6637ad92bb
nginx,1.21.4,,x86_64,win32,nginx-1.21.4-x86_64-win32.exe,2021-12-19T01:39:16Z,3051008,sha1:4ad711b85069a0d49d65e64e1cd8b4400c020437,sha1-4ad711b85069a0d49d65e64e1cd8b4400c020437
nginx,1.21.5,,aarch64,linux,nginx-1.21.5-aarch64-linux,2021-12-30T00:19:01Z,4020416,sha1:12d4fd2bb7bd5962e865d4479d0f6c9b0969bafe,sha1-12d4fd2bb7bd5962e865d4479d0f6c9b0969bafe
nginx,1.21.5,,armv7l,linux,nginx-1.21.5-armv7l-linux,2021-12-30T00:19:01Z,2845944,sha1:dac08a61f309717a9df89503776f9a5e19e07c79,sha1-dac08a61f309717a9df89503776f9a5e19e07c79
nginx,1.21.5,,ppc64le,linux,nginx-1.21.5-ppc64le-linux,2021-12-30T00:19:01Z,4602928,sha1:58ef830b50f84c73876607c7f992e73c1b1b09b5,sha1-58ef830b50f84c73876607c7f992e73c1b1b09b5
nginx,1.21.5,,x86_64,darwin,nginx-1.21.5-x86_64-darwin,2022-01-16T01:46:24Z,3889832,sha1:3129e9176bfc54c37a22d7aa06d08d74410baa95,sha1-3129e9176bfc54c37a22d7aa06d08d74410baa95
nginx,1.21.5,,x86_64,linux,nginx-1.21.5-x86_64-linux,2021-12-30T00:19:02Z,4300552,sha1:87c85cff5d51be2880daf9b7a83641bbcf639625,sha1-87c85cff5d51be2880daf9b7a83641bbcf639625
nginx,1.21.5,,x86_64,win32,nginx-1.21.5-x86_64-win32.exe,2022-01-23T01:33:46Z,3051520,sha1:3f48a8e0c112c4b066c0bcba12e4c4d6cdf01d66,sha1-3f48a8e0c112c4b066c0bcba12e4c4d6cdf01d66
nginx,1.21.6,,aarch64,linux,nginx-1.21.6-aarch64-linux,2022-11-20T02:29:14Z,4049184,sha1:e6077241cdd59166fb3f1c6bf7b833b0b9afe927,sha1-e6077241cdd59166fb3f1c6bf7b833b0b9afe927
nginx,1.21.6,,armv7l,linux,nginx-1.21.6-armv7l-linux,2022-11-20T02:29:14Z,2858432,sha1:36dc9c81ea9d46fdf80f3a321b110d4a75e4df10,sha1-36dc9c81ea9d46fdf80f3a321b110d4a75e4df10
nginx,1.21.6,,ppc64le,linux,nginx-1.21.6-ppc64le-linux,2022-11-20T02:29:14Z,4602952,sha1:8cf04bd96ff7a2e11c61e5b048fa649232eb1a81,sha1-8cf04bd96ff7a2e11c61e5b048fa649232eb1a81
nginx,1.21.6,,x86_64,darwin,nginx-1.21.6-x86_64-darwin,2023-01-22T02:08:49Z,4733984,sha1:fe99374a5dc837963afcf71caa349182323202ce,sha1-fe99374a5dc837963afcf71caa349182323202ce
nginx,1.21.6,,x86_64,linux,nginx-1.21.6-x86_64-linux,2022-11-20T02:29:14Z,4332520,sha1:5bb39b33d8a2ba4c346f019aaf2fe58fce38e416,sha1-5bb39b33d8a2ba4c346f019aaf2fe58fce38e416
nginx,1.21.6,,x86_64,win32,nginx-1.21.6-x86_64-win32.exe,2023-01-29T02:11:23Z,3044864,sha1:23d666ea8b620999f07bbdb7d06e887d718bb4c7,sha1-23d666ea8b620999f07bbdb7d06e887d718bb4c7
nginx,1.22.0,,aarch64,linux,nginx-1.22.0-aarch64-linux,2022-09-04T02:53:22Z,4036728,sha1:2cccf9a5cc502bc50eabb3eaedfb9c8e54f02347,sha1-2cccf9a5cc502bc50eabb3eaedfb9c8e54f02347
nginx,1.22.0,,armv7l,linux,nginx-1.22.0-armv7l-linux,2022-09-04T02:53:22Z,2854280,sha1:e0b5c1df166b23eeeeb3a911a679afcc830f3885,sha1-e0b5c1df166b23eeeeb3a911a679afcc830f3885
nginx,1.22.0,,ppc64le,linux,nginx-1.22.0-ppc64le-linux,2022-09-04T02:53:22Z,4602816,sha1:2be349f519b703eac03e02617baf31fa40f7ddb3,sha1-2be349f519b703eac03e02617baf31fa40f7ddb3
nginx,1.22.0,,x86_64,darwin,nginx-1.22.0-x86_64-darwin,2022-09-04T02:53:22Z,3906664,sha1:9f0d82f909af40e86d523110b5ae033f50c2dd11,sha1-9f0d82f909af40e86d523110b5ae033f50c2dd11
nginx,1.22.0,,x86_64,linux,nginx-1.22.0-x86_64-linux,2022-09-04T02:53:22Z,4324104,sha1:569cbd8c32ec6826562183e80730e2fc5e31be9a,sha1-569cbd8c32ec6826562183e80730e2fc5e31be9a
nginx,1.22.0,,x86_64,win32,nginx-1.22.0-x86_64-win32.exe,2022-10-16T03:10:04Z,3045376,sha1:4c914d732bfa44c35f5c2ebeeb4f53d3c39bf9ff,sha1-4c914d732bfa44c35f5c2ebeeb4f53d3c39bf9ff
nginx,1.22.1,,aarch64,linux,nginx-1.22.1-aarch64-linux,2023-05-24T09:12:39Z,5200824,sha1:ad7a0c37a9a46273b1b812f7dc40b31668c4f15d
nginx,1.22.1,,armv7l,linux,nginx-1.22.1-armv7l-linux,2022-11-20T02:29:15Z,2858432,sha1:b6285a41b158b549440186ee65cb73c2bea0cc08,sha1-b6285a41b158b549440186ee65cb73c2bea0cc08
nginx,1.22.1,,ppc64le,linux,nginx-1.22.1-ppc64le-linux,2023-05-24T09:12:39Z,5922408,sha1:b035bc804bb1adb8f014ca4279ae8af76789eea4
nginx,1.22.1,,x86_64,darwin,nginx-1.22.1-x86_64-darwin,2023-05-24T09:12:40Z,5576544,sha1:2e41d6385fd917fd856379442483ec47e80a0b45
nginx,1.22.1,,x86_64,linux,nginx-1.22.1-x86_64-linux,2023-05-24T09:12:40Z,6096680,sha1:be6e8582c9aeeabce499a270376e312b907ed880
nginx,1.22.1,,x86_64,win32,nginx-1.22.1-x86_64-win32.exe,2023-05-28T02:05:15Z,3035136,sha1:f9fa02e4aff4fe76b40d8768ee02ca5f91515182
nginx,1.23.4,,aarch64,linux,nginx-1.23.4-aarch64-linux,2023-05-24T09:12:41Z,5266680,sha1:dadb7785a391cd7331e63a47684ec840a5694f09
nginx,1.23.4,,ppc64le,linux,nginx-1.23.4-ppc64le-linux,2023-05-24T09:12:42Z,5922728,sha1:a9f97b50b6de391b96ae4a51d93179933a997b6d
nginx,1.23.4,,x86_64,darwin,nginx-1.23.4-x86_64-darwin,2023-05-24T09:12:42Z,5576608,sha1:ca7f6c6996b0196c4e651b4cb4bf6117d16b3494
nginx,1.23.4,,x86_64,linux,nginx-1.23.4-x86_64-linux,2023-05-24T09:12:43Z,6101096,sha1:83fe0ac3d72e2b32ee3527e4794fbfb7a9e16300
nginx,1.23.4,,x86_64,win32,nginx-1.23.4-x86_64-win32.exe,2023-05-19T11:55:15Z,3042816,sha1:cef2b18ec12c5f162a4e0c61c976fa574f378203,sha1-cef2b18ec12c5f162a4e0c61c976fa574f378203
nginx,1.24.0,,aarch64,linux,nginx-1.24.0-aarch64-linux,2023-05-24T09:12:44Z,5266680,sha1:a0ed8eb4cc7c4a94fc2a8765214b70543c4eb108
nginx,1.24.0,,ppc64le,linux,nginx-1.24.0-ppc64le-linux,2023-05-24T09:12:45Z,5922728,sha1:3a4d4beac2d469289305bffe63d84531e5ba94c0
nginx,1.24.0,,x86_64,darwin,nginx-1.24.0-x86_64-darwin,2023-05-24T09:12:45Z,5576608,sha1:48ab51781be814a19e64e1e919c88608ab4185de
nginx,1.24.0,,x86_64,linux,nginx-1.24.0-x86_64-linux,2023-05-24T09:12:46Z,6101096,sha1:0e1fc393773a002aef6756b8e9c9bb7fffff15d4
nginx,1.24.0,,x86_64,win32,nginx-1.24.0-x86_64-win32.exe,2023-05-28T02:05:18Z,3030528,sha1:237c70f9ebeab3d21610b7ffe4304bc15f7fdb77
nginx,1.25.0,,aarch64,linux,nginx-1.25.0-aarch64-linux,2023-05-24T09:46:20Z,5266680,sha1:6c7574547f23a84963743f8b987a9c65fb673976
nginx,1.25.0,,ppc64le,linux,nginx-1.25.0-ppc64le-linux,2023-05-24T09:46:21Z,5922728,sha1:30bff4623dc05a2d42474b470fc1b24b971d10cf
nginx,1.25.0,,x86_64,darwin,nginx-1.25.0-x86_64-darwin,2023-05-24T09:46:21Z,5593216,sha1:a3c1dac253ac558306f4675f27d40d7bef7136a7
nginx,1.25.0,,x86_64,linux,nginx-1.25.0-x86_64-linux,2023-05-24T09:46:21Z,6101096,sha1:10ac7b7a911df21e039911665f2787a7d65380b1
nginx,1.25.0,,x86_64,win32,nginx-1.25.0-x86_64-win32.exe,2023-05-28T02:05:20Z,3031040,sha1:16ea6df3d8d0424b80fbfe4993b33e91ec03ada1
njs,0.5.0,,aarch64,linux,njs-0.5.0-aarch64-linux,2021-01-15T20:52:44Z,1295280,sha1:4f0cd0caf24e2205094294924efd6498f335debf,sha1-4f0cd0caf24e2205094294924efd6498f335debf
njs,0.5.0,,armv7l,linux,njs-0.5.0-armv7l-linux,2021-01-15T20:52:44Z,925572,sha1:fe01510b6d1140ef8b2ef5e458bed00e2d8c0548,sha1-fe01510b6d1140ef8b2ef5e458bed00e2d8c0548
njs,0.5.0,debug,aarch64,linux,njs-0.5.0-debug-aarch64-linux,2021-01-15T20:52:44Z,5707264,sha1:ba7a86c9da2549234ebea5226e15d7d021a5f62f,sha1-ba7a86c9da2549234ebea5226e15d7d021a5f62f
njs,0.5.0,debug,armv7l,linux,njs-0.5.0-debug-armv7l-linux,2021-01-15T20:52:45Z,4672600,sha1:5605990803a2620f2eae5b5729a0d6a40f9c0544,sha1-5605990803a2620f2eae5b5729a0d6a40f9c0544
njs,0.5.0,debug,ppc64le,linux,njs-0.5.0-debug-ppc64le-linux,2021-01-15T20:52:45Z,5841488,sha1:cdd9d94591a6d4dfd379ef7d0d9468514a45e785,sha1-cdd9d94591a6d4dfd379ef7d0d9468514a45e785
njs,0.5.0,debug,x86_64,darwin,njs-0.5.0-debug-x86_64-darwin,2021-02-14T01:09:25Z,1449600,sha1:3ec605655cd5f1faa91cd0198dfdff0878d30db1,sha1-3ec605655cd5f1faa91cd0198dfdff0878d30db1
njs,0.5.0,debug,x86_64,linux,njs-0.5.0-debug-x86_64-linux,2021-01-15T20:52:45Z,5495976,sha1:dbee7f7b06f6bdf71994f86315f6a44a898fd012,sha1-dbee7f7b06f6bdf71994f86315f6a44a898fd012
njs,0.5.0,,ppc64le,linux,njs-0.5.0-ppc64le-linux,2021-01-15T20:52:45Z,1480048,sha1:2a235f58e026db0f2d0c843ccc47a0af870d4fe1,sha1-2a235f58e026db0f2d0c843ccc47a0af870d4fe1
njs,0.5.0,,x86_64,darwin,njs-0.5.0-x86_64-darwin,2021-01-31T01:20:14Z,1204608,sha1:d35be91f459c51b431974b1340a2d9b7cc9547fa,sha1-d35be91f459c51b431974b1340a2d9b7cc9547fa
njs,0.5.0,,x86_64,linux,njs-0.5.0-x86_64-linux,2021-01-15T20:52:45Z,1305040,sha1:7336b675b26bd67fdda3db18c66fa7f64691e280,sha1-7336b675b26bd67fdda3db18c66fa7f64691e280
njs,0.5.1,,aarch64,linux,njs-0.5.1-aarch64-linux,2021-02-18T12:23:52Z,1295280,sha1:2b36cf39c63c8f3bc296c66e4f76e51405acddf0,sha1-2b36cf39c63c8f3bc296c66e4f76e51405acddf0
njs,0.5.1,,armv7l,linux,njs-0.5.1-armv7l-linux,2021-02-18T12:23:53Z,925572,sha1:087d4c0d8a37c370c15aec08dd6b11ee34477d9e,sha1-087d4c0d8a37c370c15aec08dd6b11ee34477d9e
njs,0.5.1,debug,aarch64,linux,njs-0.5.1-debug-aarch64-linux,2021-02-18T12:23:53Z,5710416,sha1:511a1f198839b4313658ffd8b3652f76d750a712,sha1-511a1f198839b4313658ffd8b3652f76d750a712
njs,0.5.1,debug,armv7l,linux,njs-0.5.1-debug-armv7l-linux,2021-02-18T12:23:53Z,4675872,sha1:1ed22777c5fbc02895336701778250d2368d34fd,sha1-1ed22777c5fbc02895336701778250d2368d34fd
njs,0.5.1,debug,ppc64le,linux,njs-0.5.1-debug-ppc64le-linux,2021-02-18T12:23:53Z,5844368,sha1:a5ea594899a3077281a4eefa13520747daad53f4,sha1-a5ea594899a3077281a4eefa13520747daad53f4
njs,0.5.1,debug,x86_64,darwin,njs-0.5.1-debug-x86_64-darwin,2021-03-07T01:14:51Z,1450256,sha1:af16aef8f0d6635ee84ac177c39a26755f6de777,sha1-af16aef8f0d6635ee84ac177c39a26755f6de777
njs,0.5.1,debug,x86_64,linux,njs-0.5.1-debug-x86_64-linux,2021-02-18T12:23:53Z,5498168,sha1:14827a9c1cf6a0e49457bad4e359b2a00d976237,sha1-14827a9c1cf6a0e49457bad4e359b2a00d976237
njs,0.5.1,,ppc64le,linux,njs-0.5.1-ppc64le-linux,2021-02-18T12:23:53Z,1480048,sha1:0b57333c2f7b05a6085c3ea37fa3caff641966f3,sha1-0b57333c2f7b05a6085c3ea37fa3caff641966f3
njs,0.5.1,,x86_64,darwin,njs-0.5.1-x86_64-darwin,2021-03-03T21:29:35Z,1204736,sha1:d900ad81485bff3ef0b1f56e1edf588981dd68f9,sha1-d900ad81485bff3ef0b1f56e1edf588981dd68f9
njs,0.5.1,,x86_64,linux,njs-0.5.1-x86_64-linux,2021-02-18T12:23:54Z,1305040,sha1:490b1998325c7968d3e840874563cd133e084728,sha1-490b1998325c7968d3e840874563cd133e084728
njs,0.5.2,,aarch64,linux,njs-0.5.2-aarch64-linux,2021-03-10T22:14:51Z,1295352,sha1:755eac6ab99da5fa6ff39c9055133e144f55eea3,sha1-755eac6ab99da5fa6ff39c9055133e144f55eea3
njs,0.5.2,,armv7l,linux,njs-0.5.2-armv7l-linux,2021-03-10T22:14:51Z,925604,sha1:ad76cad938b6dc5ce93c898f63ec330d086f5c41,sha1-ad76cad938b6dc5ce93c898f63ec330d086f5c41
njs,0.5.2,debug,aarch64,linux,njs-0.5.2-debug-aarch64-linux,2021-03-10T22:14:51Z,5580872,sha1:14a7fcfc62110d14adf241767de067252a8b2b80,sha1-14a7fcfc62110d14adf241767de067252a8b2b80
njs,0.5.2,debug,armv7l,linux,njs-0.5.2-debug-armv7l-linux,2021-03-10T22:14:52Z,4545408,sha1:5b0db4a0a6b9866ad6b320449092f83a099028df,sha1-5b0db4a0a6b9866ad6b320449092f83a099028df
njs,0.5.2,debug,ppc64le,linux,njs-0.5.2-debug-ppc64le-linux,2021-03-10T22:14:52Z,5715144,sha1:dfd053f06dbabf7c074c94ff7ba0d652ce54b00e,sha1-dfd053f06dbabf7c074c94ff7ba0d652ce54b00e
njs,0.5.2,debug,x86_64,darwin,njs-0.5.2-debug-x86_64-darwin,2021-03-28T00:43:28Z,1450352,sha1:f149e2f5295669721ee244e923f8145f15457918,sha1-f149e2f5295669721ee244e923f8145f15457918
njs,0.5.2,debug,x86_64,linux,njs-0.5.2-debug-x86_64-linux,2021-03-10T22:14:52Z,5368768,sha1:8199ae4c8dcab586ed892f18691520e6c339db9a,sha1-8199ae4c8dcab586ed892f18691520e6c339db9a
njs,0.5.2,,ppc64le,linux,njs-0.5.2-ppc64le-linux,2021-03-10T22:14:52Z,1480120,sha1:e5fe957dcfd90919b8a38a36e5457c675cb226b1,sha1-e5fe957dcfd90919b8a38a36e5457c675cb226b1
njs,0.5.2,,x86_64,darwin,njs-0.5.2-x86_64-darwin,2021-03-10T22:14:52Z,1204736,sha1:da6cf853b45d5a5648b834687c5fa620b159d8da,sha1-da6cf853b45d5a5648b834687c5fa620b159d8da
njs,0.5.2,,x86_64,linux,njs-0.5.2-x86_64-linux,2021-03-10T22:14:52Z,1305136,sha1:52e219d711c2192248818307f08539394dce30fe,sha1-52e219d711c2192248818307f08539394dce30fe
njs,0.5.3,,aarch64,linux,njs-0.5.3-aarch64-linux,2021-04-02T14:52:12Z,1295352,sha1:7accebec53d97d4ec8f4c57dc69c94d97e977008,sha1-7accebec53d97d4ec8f4c57dc69c94d97e977008
njs,0.5.3,,armv7l,linux,njs-0.5.3-armv7l-linux,2021-04-02T14:52:12Z,925604,sha1:39533b4b4b4aa5505e85163ddc604e0f93af8721,sha1-39533b4b4b4aa5505e85163ddc604e0f93af8721
njs,0.5.3,debug,aarch64,linux,njs-0.5.3-debug-aarch64-linux,2021-04-02T14:52:12Z,5580872,sha1:268df8732750c5fc452063b77dac9b30389e8e6d,sha1-268df8732750c5fc452063b77dac9b30389e8e6d
njs,0.5.3,debug,armv7l,linux,njs-0.5.3-debug-armv7l-linux,2021-04-02T14:52:12Z,4545408,sha1:7a7a9ad8b87ba43b0ca38289502f60220d0d30fc,sha1-7a7a9ad8b87ba43b0ca38289502f60220d0d30fc
njs,0.5.3,debug,ppc64le,linux,njs-0.5.3-debug-ppc64le-linux,2021-04-02T14:52:12Z,5715144,sha1:6aaa59ef57367fc95071d1dd78c667373a9f345a,sha1-6aaa59ef57367fc95071d1dd78c667373a9f345a
njs,0.5.3,debug,x86_64,darwin,njs-0.5.3-debug-x86_64-darwin,2021-06-13T01:23:50Z,1450376,sha1:016ffba494fdee6c2bd35ff53ef52e4c5c697fc0,sha1-016ffba494fdee6c2bd35ff53ef52e4c5c697fc0
njs,0.5.3,debug,x86_64,linux,njs-0.5.3-debug-x86_64-linux,2021-04-02T14:52:13Z,5368768,sha1:277bcce4bc81a384b511341cdf520e37199f4ba8,sha1-277bcce4bc81a384b511341cdf520e37199f4ba8
njs,0.5.3,,ppc64le,linux,njs-0.5.3-ppc64le-linux,2021-04-02T14:52:13Z,1480120,sha1:0c441bc395ce4c21633a56010c38eaa66895de4c,sha1-0c441bc395ce4c21633a56010c38eaa66895de4c
njs,0.5.3,,x86_64,darwin,njs-0.5.3-x86_64-darwin,2021-06-13T01:23:50Z,1204728,sha1:f534f856acded06984521b808ea1b5bf3215dd77,sha1-f534f856acded06984521b808ea1b5bf3215dd77
njs,0.5.3,,x86_64,linux,njs-0.5.3-x86_64-linux,2021-04-02T14:52:13Z,1305136,sha1:5cf5c5781ab0f12cccb5775972ffa44e41d5d587,sha1-5cf5c5781ab0f12cccb5775972ffa44e41d5d587
njs,0.6.0,,aarch64,linux,njs-0.6.0-aarch64-linux,2021-06-15T17:01:10Z,1312432,sha1:9c36338aa3ce8baaf23c17ad53fd52a65d1a6a24,sha1-9c36338aa3ce8baaf23c17ad53fd52a65d1a6a24
njs,0.6.0,,armv7l,linux,njs-0.6.0-armv7l-linux,2021-06-15T17:01:10Z,934148,sha1:48f54a18a21031324ac0cf68711602ce0c17db5b,sha1-48f54a18a21031324ac0cf68711602ce0c17db5b
njs,0.6.0,debug,aarch64,linux,njs-0.6.0-debug-aarch64-linux,2021-06-15T17:01:10Z,5795528,sha1:ade6f4119d2e094d32fa44f4c9c2000f676756a2,sha1-ade6f4119d2e094d32fa44f4c9c2000f676756a2
njs,0.6.0,debug,armv7l,linux,njs-0.6.0-debug-armv7l-linux,2021-06-15T17:01:10Z,4737260,sha1:ff2b2b54048cedb5f637c45907e91a69f9c5fc90,sha1-ff2b2b54048cedb5f637c45907e91a69f9c5fc90
njs,0.6.0,debug,ppc64le,linux,njs-0.6.0-debug-ppc64le-linux,2021-06-15T17:01:11Z,5917392,sha1:79fbaea9fecfe737c7e16534ffe75da3f76521d4,sha1-79fbaea9fecfe737c7e16534ffe75da3f76521d4
njs,0.6.0,debug,x86_64,darwin,njs-0.6.0-debug-x86_64-darwin,2021-06-27T01:01:50Z,1470384,sha1:acaa3bf225494fcd674950b9460d156749522ece,sha1-acaa3bf225494fcd674950b9460d156749522ece
njs,0.6.0,debug,x86_64,linux,njs-0.6.0-debug-x86_64-linux,2021-06-15T17:01:11Z,5597336,sha1:2cc4abcca40a20f99d0cd588d11fc7b6590b112a,sha1-2cc4abcca40a20f99d0cd588d11fc7b6590b112a
njs,0.6.0,,ppc64le,linux,njs-0.6.0-ppc64le-linux,2021-06-15T17:01:11Z,1480816,sha1:af7191dcd360a528f0f6b74a7958d98bb66154b9,sha1-af7191dcd360a528f0f6b74a7958d98bb66154b9
njs,0.6.0,,x86_64,darwin,njs-0.6.0-x86_64-darwin,2021-06-27T01:01:50Z,1221152,sha1:38247334d406128803f05f8ab6c1101cd90822e8,sha1-38247334d406128803f05f8ab6c1101cd90822e8
njs,0.6.0,,x86_64,linux,njs-0.6.0-x86_64-linux,2021-06-15T17:01:11Z,1318288,sha1:95cb651b7a165fbbdd3c109d72dbc38ba5285fb7,sha1-95cb651b7a165fbbdd3c109d72dbc38ba5285fb7
njs,0.6.1,,aarch64,linux,njs-0.6.1-aarch64-linux,2021-07-04T01:24:13Z,1312464,sha1:bd71a602167c65982fb90a22536f2f0a22c63212,sha1-bd71a602167c65982fb90a22536f2f0a22c63212
njs,0.6.1,,armv7l,linux,njs-0.6.1-armv7l-linux,2021-07-04T01:24:14Z,934164,sha1:ef1eac87695062765db78f01c724319493aa9541,sha1-ef1eac87695062765db78f01c724319493aa9541
njs,0.6.1,debug,aarch64,linux,njs-0.6.1-debug-aarch64-linux,2021-07-04T01:24:14Z,5797944,sha1:1a1da7218600a46c839369cee907537e4f600e09,sha1-1a1da7218600a46c839369cee907537e4f600e09
njs,0.6.1,debug,armv7l,linux,njs-0.6.1-debug-armv7l-linux,2021-07-04T01:24:14Z,4739548,sha1:525eef6e278f34fc5e758656a6ad9dbff2c92cac,sha1-525eef6e278f34fc5e758656a6ad9dbff2c92cac
njs,0.6.1,debug,ppc64le,linux,njs-0.6.1-debug-ppc64le-linux,2021-07-04T01:24:15Z,5919840,sha1:492c6489510cb19cb5bb2ae5d15705af4941a905,sha1-492c6489510cb19cb5bb2ae5d15705af4941a905
njs,0.6.1,debug,x86_64,darwin,njs-0.6.1-debug-x86_64-darwin,2021-08-01T01:28:19Z,1470544,sha1:107f3137c497c21cf411e6e400a3ec3bcb091c79,sha1-107f3137c497c21cf411e6e400a3ec3bcb091c79
njs,0.6.1,debug,x86_64,linux,njs-0.6.1-debug-x86_64-linux,2021-07-04T01:24:16Z,5599816,sha1:e8da1eb9d580d4d46cb69f98b121915cdced3e63,sha1-e8da1eb9d580d4d46cb69f98b121915cdced3e63
njs,0.6.1,,ppc64le,linux,njs-0.6.1-ppc64le-linux,2021-07-04T01:24:16Z,1480848,sha1:6dcc9b1ca89b85047022bce410a174bfc25cc11e,sha1-6dcc9b1ca89b85047022bce410a174bfc25cc11e
njs,0.6.1,,x86_64,darwin,njs-0.6.1-x86_64-darwin,2021-07-25T01:25:00Z,1221200,sha1:9cbc59996cbf796c5814ad0d539c7941df568bc2,sha1-9cbc59996cbf796c5814ad0d539c7941df568bc2
njs,0.6.1,,x86_64,linux,njs-0.6.1-x86_64-linux,2021-07-04T01:24:17Z,1318320,sha1:16540f401d8ef4292f5b997e80bb461568cf0a39,sha1-16540f401d8ef4292f5b997e80bb461568cf0a39
njs,0.6.2,,aarch64,linux,njs-0.6.2-aarch64-linux,2021-09-01T00:26:32Z,1329032,sha1:71de1bdff3d1c5282a7cd5e45353942ffb3b2a2f,sha1-71de1bdff3d1c5282a7cd5e45353942ffb3b2a2f
njs,0.6.2,,armv7l,linux,njs-0.6.2-armv7l-linux,2021-09-01T00:26:32Z,946556,sha1:123594f1509fd585d877fa91b5d60066bac43f6f,sha1-123594f1509fd585d877fa91b5d60066bac43f6f
njs,0.6.2,debug,aarch64,linux,njs-0.6.2-debug-aarch64-linux,2021-09-01T00:26:32Z,5939192,sha1:43b978428537c9ec8bd5d4e778e28acdc45bad70,sha1-43b978428537c9ec8bd5d4e778e28acdc45bad70
njs,0.6.2,debug,armv7l,linux,njs-0.6.2-debug-armv7l-linux,2021-09-01T00:26:32Z,4847064,sha1:930fb899a06cf2838cb174183644b167bd2ecb13,sha1-930fb899a06cf2838cb174183644b167bd2ecb13
njs,0.6.2,debug,ppc64le,linux,njs-0.6.2-debug-ppc64le-linux,2021-09-01T00:26:33Z,6043048,sha1:bf01fd7b232d8e026c59b06151eca37509bf07ea,sha1-bf01fd7b232d8e026c59b06151eca37509bf07ea
njs,0.6.2,debug,x86_64,darwin,njs-0.6.2-debug-x86_64-darwin,2021-10-17T01:29:10Z,1500816,sha1:dc3c9e87f97e6b006af5ad41bdf4de4482738d02,sha1-dc3c9e87f97e6b006af5ad41bdf4de4482738d02
njs,0.6.2,debug,x86_64,linux,njs-0.6.2-debug-x86_64-linux,2021-09-01T00:26:33Z,5746520,sha1:44b5d3bf9e0a2e9c285eca4ef8b45629d5d39b65,sha1-44b5d3bf9e0a2e9c285eca4ef8b45629d5d39b65
njs,0.6.2,,ppc64le,linux,njs-0.6.2-ppc64le-linux,2021-09-01T00:26:33Z,1481048,sha1:195b5ea414dc01eb7d18b07337fa7210faac813a,sha1-195b5ea414dc01eb7d18b07337fa7210faac813a
njs,0.6.2,,x86_64,darwin,njs-0.6.2-x86_64-darwin,2021-10-17T01:29:11Z,1221728,sha1:9258a179b6ba3b393532df5da3d628f66e9828e1,sha1-9258a179b6ba3b393532df5da3d628f66e9828e1
njs,0.6.2,,x86_64,linux,njs-0.6.2-x86_64-linux,2021-09-01T00:26:33Z,1339056,sha1:10b4ed69abdd658a4021a61da2dfcb90542e1d5e,sha1-10b4ed69abdd658a4021a61da2dfcb90542e1d5e
njs,0.7.0,,aarch64,linux,njs-0.7.0-aarch64-linux,2021-10-21T01:18:57Z,2945560,sha1:451ca17f5b7d4dbda83002bc1cacaa5cc338d205,sha1-451ca17f5b7d4dbda83002bc1cacaa5cc338d205
njs,0.7.0,,armv7l,linux,njs-0.7.0-armv7l-linux,2021-10-21T01:18:57Z,2115576,sha1:0e7940e9edd240c075895f80e981ac899bd00b19,sha1-0e7940e9edd240c075895f80e981ac899bd00b19
njs,0.7.0,debug,aarch64,linux,njs-0.7.0-debug-aarch64-linux,2021-10-21T01:18:58Z,14176320,sha1:73a05885dbe3c554ca037af02b5e34b284dc5a08,sha1-73a05885dbe3c554ca037af02b5e34b284dc5a08
njs,0.7.0,debug,armv7l,linux,njs-0.7.0-debug-armv7l-linux,2021-10-21T01:18:58Z,11423604,sha1:7ccd6e6df3715e7c4c495cc6311775112bc41455,sha1-7ccd6e6df3715e7c4c495cc6311775112bc41455
njs,0.7.0,debug,ppc64le,linux,njs-0.7.0-debug-ppc64le-linux,2021-10-21T01:18:58Z,14023344,sha1:1a1c9b6af09915693443dc1167e672f8af5300cf,sha1-1a1c9b6af09915693443dc1167e672f8af5300cf
njs,0.7.0,debug,x86_64,darwin,njs-0.7.0-debug-x86_64-darwin,2021-12-28T11:01:56Z,4727120,sha1:cb618906ddded78c99ace6041a03d8a86e789853,sha1-cb618906ddded78c99ace6041a03d8a86e789853
njs,0.7.0,debug,x86_64,linux,njs-0.7.0-debug-x86_64-linux,2021-10-21T01:18:59Z,14242280,sha1:3675e095b2551e8594e50b00de87930bb886783d,sha1-3675e095b2551e8594e50b00de87930bb886783d
njs,0.7.0,,ppc64le,linux,njs-0.7.0-ppc64le-linux,2021-10-21T01:18:59Z,3392640,sha1:881be36eb40ec7fae9ed5d15c259f6bb60288d44,sha1-881be36eb40ec7fae9ed5d15c259f6bb60288d44
njs,0.7.0,,x86_64,darwin,njs-0.7.0-x86_64-darwin,2021-12-28T11:01:58Z,4025064,sha1:7fdc535a2d07f875080a226729fbf1b09a399360,sha1-7fdc535a2d07f875080a226729fbf1b09a399360
njs,0.7.0,,x86_64,linux,njs-0.7.0-x86_64-linux,2021-10-21T01:18:59Z,3219368,sha1:97d4b8ab4ab5b4d4e03f14e64924d1712cf747d1,sha1-97d4b8ab4ab5b4d4e03f14e64924d1712cf747d1
njs,0.7.1,,aarch64,linux,njs-0.7.1-aarch64-linux,2021-12-30T00:19:02Z,2950448,sha1:ddbbc0cbf6b194a799635c8da0a10c357a53e8fe,sha1-ddbbc0cbf6b194a799635c8da0a10c357a53e8fe
njs,0.7.1,,armv7l,linux,njs-0.7.1-armv7l-linux,2021-12-30T00:19:02Z,2114608,sha1:2eeaf89d7220ac8ec25838c3c09d76bc2a185b8c,sha1-2eeaf89d7220ac8ec25838c3c09d76bc2a185b8c
njs,0.7.1,debug,aarch64,linux,njs-0.7.1-debug-aarch64-linux,2021-12-30T00:19:02Z,14183968,sha1:58d2196cf2fa809172d4135f3ce96838dab5ed59,sha1-58d2196cf2fa809172d4135f3ce96838dab5ed59
njs,0.7.1,debug,armv7l,linux,njs-0.7.1-debug-armv7l-linux,2021-12-30T00:19:02Z,11437496,sha1:80348c7db4d3badfa830c3e8a307a322eb133bf1,sha1-80348c7db4d3badfa830c3e8a307a322eb133bf1
njs,0.7.1,debug,ppc64le,linux,njs-0.7.1-debug-ppc64le-linux,2021-12-30T00:19:03Z,14021520,sha1:7096ccea2dfdfef7f3fa1a3443d35790f348ab14,sha1-7096ccea2dfdfef7f3fa1a3443d35790f348ab14
njs,0.7.1,debug,x86_64,darwin,njs-0.7.1-debug-x86_64-darwin,2022-01-16T01:46:26Z,3743360,sha1:174820062322e29418f60cbe77450bf772ca4ca2,sha1-174820062322e29418f60cbe77450bf772ca4ca2
njs,0.7.1,debug,x86_64,linux,njs-0.7.1-debug-x86_64-linux,2021-12-30T00:19:03Z,14247184,sha1:57f036b21f82c612b0c181513545e5dff6e05cba,sha1-57f036b21f82c612b0c181513545e5dff6e05cba
njs,0.7.1,,ppc64le,linux,njs-0.7.1-ppc64le-linux,2021-12-30T00:19:03Z,3397592,sha1:5559f856f7680499ab7f8b3399b4096c71e01a18,sha1-5559f856f7680499ab7f8b3399b4096c71e01a18
njs,0.7.1,,x86_64,darwin,njs-0.7.1-x86_64-darwin,2022-01-16T01:46:27Z,3232800,sha1:a42390b44002863618687d48d5c774997d770a2f,sha1-a42390b44002863618687d48d5c774997d770a2f
njs,0.7.1,,x86_64,linux,njs-0.7.1-x86_64-linux,2021-12-30T00:19:04Z,3218984,sha1:98096b34a3c329d29c993ad2365268739a4138e1,sha1-98096b34a3c329d29c993ad2365268739a4138e1
njs,0.7.12,,aarch64,linux,njs-0.7.12-aarch64-linux,2023-05-19T11:55:16Z,4055024,sha1:2a893437bc6ee1ae87ea53395ee624baf3a53807,sha1-2a893437bc6ee1ae87ea53395ee624baf3a53807
njs,0.7.12,debug,aarch64,linux,njs-0.7.12-debug-aarch64-linux,2023-05-19T11:55:17Z,16731632,sha1:dd86b482a679402c35229ff41e4684d4c43e7b09,sha1-dd86b482a679402c35229ff41e4684d4c43e7b09
njs,0.7.12,debug,ppc64le,linux,njs-0.7.12-debug-ppc64le-linux,2023-05-19T11:55:17Z,16210944,sha1:a5ebdddee2afc51a466bbb16b96a5bfc2b573fdc,sha1-a5ebdddee2afc51a466bbb16b96a5bfc2b573fdc
njs,0.7.12,debug,x86_64,darwin,njs-0.7.12-debug-x86_64-darwin,2023-05-19T11:55:17Z,5574264,sha1:2f93f148a47fc9947ab6fe7d5cf484f0513cceac,sha1-2f93f148a47fc9947ab6fe7d5cf484f0513cceac
njs,0.7.12,debug,x86_64,linux,njs-0.7.12-debug-x86_64-linux,2023-05-19T11:55:17Z,17067208,sha1:219e14c87616b6d1e7ef0c6c217f8a20e02b4779,sha1-219e14c87616b6d1e7ef0c6c217f8a20e02b4779
njs,0.7.12,,ppc64le,linux,njs-0.7.12-ppc64le-linux,2023-05-19T11:55:18Z,4514256,sha1:22180ce1d093a650eba208f09050beaeb92ed8e3,sha1-22180ce1d093a650eba208f09050beaeb92ed8e3
njs,0.7.12,,x86_64,darwin,njs-0.7.12-x86_64-darwin,2023-05-19T11:55:18Z,4848256,sha1:0a10abc29ba66a43afad2155a7c37274dca6c675,sha1-0a10abc29ba66a43afad2155a7c37274dca6c675
njs,0.7.12,,x86_64,linux,njs-0.7.12-x86_64-linux,2023-05-19T11:55:18Z,4869768,sha1:3aa438778bc2187aa2a79ee4ec8d7ad21c508c23,sha1-3aa438778bc2187aa2a79ee4ec8d7ad21c508c23
njs,0.7.2,,aarch64,linux,njs-0.7.2-aarch64-linux,2022-03-20T10:45:14Z,2947456,sha1:ba6c748d66d6b51f401105f23e8f5216dc8f0df7,sha1-ba6c748d66d6b51f401105f23e8f5216dc8f0df7
njs,0.7.2,,armv7l,linux,njs-0.7.2-armv7l-linux,2022-03-20T10:45:15Z,2113112,sha1:3604716dbf1ef7a22bc850934d535a5ec13554e4,sha1-3604716dbf1ef7a22bc850934d535a5ec13554e4
njs,0.7.2,debug,aarch64,linux,njs-0.7.2-debug-aarch64-linux,2022-03-20T10:45:15Z,14205336,sha1:cad95241c44f7e0c28ebd4b481516d3eac98bd06,sha1-cad95241c44f7e0c28ebd4b481516d3eac98bd06
njs,0.7.2,debug,armv7l,linux,njs-0.7.2-debug-armv7l-linux,2022-03-20T10:45:15Z,11444188,sha1:80e77c8da4f4e2c73093ff146f36f8d111856ed5,sha1-80e77c8da4f4e2c73093ff146f36f8d111856ed5
njs,0.7.2,debug,ppc64le,linux,njs-0.7.2-debug-ppc64le-linux,2022-03-20T10:45:16Z,14035856,sha1:956663c5ddc6a21d6d62c0f595dd1cdfb858777d,sha1-956663c5ddc6a21d6d62c0f595dd1cdfb858777d
njs,0.7.2,debug,x86_64,darwin,njs-0.7.2-debug-x86_64-darwin,2022-03-27T02:03:41Z,3727312,sha1:88b0ece57156c296e8dd41d9683c3284b075f1fb,sha1-88b0ece57156c296e8dd41d9683c3284b075f1fb
njs,0.7.2,debug,x86_64,linux,njs-0.7.2-debug-x86_64-linux,2022-03-20T10:45:16Z,14273528,sha1:d9666d25d84ceeb119d494dae1dfd20b5f59947b,sha1-d9666d25d84ceeb119d494dae1dfd20b5f59947b
njs,0.7.2,,ppc64le,linux,njs-0.7.2-ppc64le-linux,2022-03-20T10:45:16Z,3394600,sha1:24dd6369fffc635891def0934012adda4791019c,sha1-24dd6369fffc635891def0934012adda4791019c
njs,0.7.2,,x86_64,darwin,njs-0.7.2-x86_64-darwin,2022-03-27T02:03:41Z,3216416,sha1:d7eb793fd8da42a8777e50f14916922241c6a374,sha1-d7eb793fd8da42a8777e50f14916922241c6a374
njs,0.7.2,,x86_64,linux,njs-0.7.2-x86_64-linux,2022-03-20T10:45:16Z,3227208,sha1:0fcd24ea7d3957f885292f552a71c35fcc6a28e7,sha1-0fcd24ea7d3957f885292f552a71c35fcc6a28e7
njs,0.7.3,,aarch64,linux,njs-0.7.3-aarch64-linux,2022-05-15T02:33:49Z,2947752,sha1:54effd31eb87a3ae7509dc95ded10483e3e5a9db,sha1-54effd31eb87a3ae7509dc95ded10483e3e5a9db
njs,0.7.3,,armv7l,linux,njs-0.7.3-armv7l-linux,2022-05-15T02:33:49Z,2109192,sha1:09b3b5474d0dbabc537f3d7a93a5d0f0db71fad9,sha1-09b3b5474d0dbabc537f3d7a93a5d0f0db71fad9
njs,0.7.3,debug,aarch64,linux,njs-0.7.3-debug-aarch64-linux,2022-05-15T02:33:49Z,14197136,sha1:486986acbff3b18e8ebaa4550284fe69436a7d2a,sha1-486986acbff3b18e8ebaa4550284fe69436a7d2a
njs,0.7.3,debug,armv7l,linux,njs-0.7.3-debug-armv7l-linux,2022-05-15T02:33:49Z,11439464,sha1:05ea0af61c68002a0ca80f79e99dc396bc29aab2,sha1-05ea0af61c68002a0ca80f79e99dc396bc29aab2
njs,0.7.3,debug,ppc64le,linux,njs-0.7.3-debug-ppc64le-linux,2022-05-15T02:33:50Z,14028136,sha1:0e2efa696d181d1e030e15e0ec8212bc0e01e975,sha1-0e2efa696d181d1e030e15e0ec8212bc0e01e975
njs,0.7.3,debug,x86_64,darwin,njs-0.7.3-debug-x86_64-darwin,2022-05-15T02:33:50Z,3743080,sha1:49ce9b625eca20d141096f98f14636a76c8925fa,sha1-49ce9b625eca20d141096f98f14636a76c8925fa
njs,0.7.3,debug,x86_64,linux,njs-0.7.3-debug-x86_64-linux,2022-05-15T02:33:50Z,14264576,sha1:3e352040477af37ab837eb5c7e200a6d53d4b23e,sha1-3e352040477af37ab837eb5c7e200a6d53d4b23e
njs,0.7.3,,ppc64le,linux,njs-0.7.3-ppc64le-linux,2022-05-15T02:33:50Z,3394896,sha1:add510e0cca3e1b4a9aa0a379bddbe25c44e2025,sha1-add510e0cca3e1b4a9aa0a379bddbe25c44e2025
njs,0.7.3,,x86_64,darwin,njs-0.7.3-x86_64-darwin,2022-05-15T02:33:50Z,3232768,sha1:41306e9c2c9ae367082885afd29637ccd2f7dcf6,sha1-41306e9c2c9ae367082885afd29637ccd2f7dcf6
njs,0.7.3,,x86_64,linux,njs-0.7.3-x86_64-linux,2022-05-15T02:33:50Z,3223432,sha1:898a77ddd077dd67d8fc2008f9401933e2ff03aa,sha1-898a77ddd077dd67d8fc2008f9401933e2ff03aa
njs,0.7.4,,aarch64,linux,njs-0.7.4-aarch64-linux,2022-05-24T23:45:33Z,2947752,sha1:999bfc8ffc041cc274bf633842978b26a0712ef4,sha1-999bfc8ffc041cc274bf633842978b26a0712ef4
njs,0.7.4,,armv7l,linux,njs-0.7.4-armv7l-linux,2022-05-24T23:45:34Z,2109184,sha1:9256aaf6205d42ccba68265380642753f39dcbf5,sha1-9256aaf6205d42ccba68265380642753f39dcbf5
njs,0.7.4,debug,aarch64,linux,njs-0.7.4-debug-aarch64-linux,2022-05-24T23:45:34Z,14190832,sha1:4891398f869e2377dc6caab3c92eb6de25a26688,sha1-4891398f869e2377dc6caab3c92eb6de25a26688
njs,0.7.4,debug,armv7l,linux,njs-0.7.4-debug-armv7l-linux,2022-05-24T23:45:35Z,11429820,sha1:051fabd6286682207908d5af56403a1f305a1269,sha1-051fabd6286682207908d5af56403a1f305a1269
njs,0.7.4,debug,ppc64le,linux,njs-0.7.4-debug-ppc64le-linux,2022-05-24T23:45:36Z,14021784,sha1:349026657b7edcf60bd62fd35987beb8b5517dfb,sha1-349026657b7edcf60bd62fd35987beb8b5517dfb
njs,0.7.4,debug,x86_64,darwin,njs-0.7.4-debug-x86_64-darwin,2022-05-24T23:45:36Z,3744000,sha1:3dfb2147bcae1aa82b2e67a233ff512f9f9f4497,sha1-3dfb2147bcae1aa82b2e67a233ff512f9f9f4497
njs,0.7.4,debug,x86_64,linux,njs-0.7.4-debug-x86_64-linux,2022-05-24T23:45:37Z,14258312,sha1:aee9ede2bb456f5100dd65645dfe83c4c2db1228,sha1-aee9ede2bb456f5100dd65645dfe83c4c2db1228
njs,0.7.4,,ppc64le,linux,njs-0.7.4-ppc64le-linux,2022-05-24T23:45:37Z,3394896,sha1:b0d54668a0b3d938f49482bca25b144c16b8f89a,sha1-b0d54668a0b3d938f49482bca25b144c16b8f89a
njs,0.7.4,,x86_64,darwin,njs-0.7.4-x86_64-darwin,2022-05-24T23:45:38Z,3232768,sha1:2a9638ebe5b6b414d9c56876b516dc09a2c504fb,sha1-2a9638ebe5b6b414d9c56876b516dc09a2c504fb
njs,0.7.4,,x86_64,linux,njs-0.7.4-x86_64-linux,2022-05-24T23:45:38Z,3219336,sha1:2147f6a927c7d734c28c59fc04a264449abfd61a,sha1-2147f6a927c7d734c28c59fc04a264449abfd61a
njs,0.7.5,,aarch64,linux,njs-0.7.5-aarch64-linux,2022-07-17T02:38:19Z,2947752,sha1:49bc3e7bf44de0c3594b4145bcf2841077eb27ec,sha1-49bc3e7bf44de0c3594b4145bcf2841077eb27ec
njs,0.7.5,,armv7l,linux,njs-0.7.5-armv7l-linux,2022-07-17T02:38:19Z,2109184,sha1:66415a869dd5108911052642ef7636fa6d41463f,sha1-66415a869dd5108911052642ef7636fa6d41463f
njs,0.7.5,debug,aarch64,linux,njs-0.7.5-debug-aarch64-linux,2022-07-17T02:38:20Z,14199104,sha1:bdaf3291d50aaaa48fe7fc80fa98ca3de39a7c93,sha1-bdaf3291d50aaaa48fe7fc80fa98ca3de39a7c93
njs,0.7.5,debug,armv7l,linux,njs-0.7.5-debug-armv7l-linux,2022-07-17T02:38:20Z,11439376,sha1:e6561d64c55a84a7d4ab98fcc6c131e8fcf402d5,sha1-e6561d64c55a84a7d4ab98fcc6c131e8fcf402d5
njs,0.7.5,debug,ppc64le,linux,njs-0.7.5-debug-ppc64le-linux,2022-07-17T02:38:20Z,14029792,sha1:cd704498e0bf1fc5b8ef1b9de76bdcd6f44e9236,sha1-cd704498e0bf1fc5b8ef1b9de76bdcd6f44e9236
njs,0.7.5,debug,x86_64,darwin,njs-0.7.5-debug-x86_64-darwin,2022-07-17T02:38:20Z,3744016,sha1:d2d19040fd636ff5d29d530e4a091eef3e7e3346,sha1-d2d19040fd636ff5d29d530e4a091eef3e7e3346
njs,0.7.5,debug,x86_64,linux,njs-0.7.5-debug-x86_64-linux,2022-07-17T02:38:21Z,14269192,sha1:0afff8522995d0d65bce014f9b978f3551391756,sha1-0afff8522995d0d65bce014f9b978f3551391756
njs,0.7.5,,ppc64le,linux,njs-0.7.5-ppc64le-linux,2022-07-17T02:38:21Z,3394896,sha1:a23079f4911fd6be069934ac1cfb551d13de9bc7,sha1-a23079f4911fd6be069934ac1cfb551d13de9bc7
njs,0.7.5,,x86_64,darwin,njs-0.7.5-x86_64-darwin,2022-07-17T02:38:21Z,3232744,sha1:316ff7496afc59f9b3d6fcffc05dc1b359a02de1,sha1-316ff7496afc59f9b3d6fcffc05dc1b359a02de1
njs,0.7.5,,x86_64,linux,njs-0.7.5-x86_64-linux,2022-07-17T02:38:21Z,3219336,sha1:d828b843d3c3d5256a19566821d8bfa674a50001,sha1-d828b843d3c3d5256a19566821d8bfa674a50001
njs,0.7.6,,aarch64,linux,njs-0.7.6-aarch64-linux,2022-07-24T02:41:06Z,2952096,sha1:efc2bffd7d0a789b656997bf5ec4351ca6493b7f,sha1-efc2bffd7d0a789b656997bf5ec4351ca6493b7f
njs,0.7.6,,armv7l,linux,njs-0.7.6-armv7l-linux,2022-07-24T02:41:07Z,2117512,sha1:b42f2bfdd0b0e525e28a44193c9a8b9668807a7f,sha1-b42f2bfdd0b0e525e28a44193c9a8b9668807a7f
njs,0.7.6,debug,aarch64,linux,njs-0.7.6-debug-aarch64-linux,2022-07-24T02:41:07Z,14225672,sha1:8b87569b3bccd0448d4d2724cd2f8809ff931148,sha1-8b87569b3bccd0448d4d2724cd2f8809ff931148
njs,0.7.6,debug,armv7l,linux,njs-0.7.6-debug-armv7l-linux,2022-07-24T02:41:07Z,11459788,sha1:4d2c76bb61c04aceed35e666884408c7021d9bbc,sha1-4d2c76bb61c04aceed35e666884408c7021d9bbc
njs,0.7.6,debug,ppc64le,linux,njs-0.7.6-debug-ppc64le-linux,2022-07-24T02:41:08Z,14050000,sha1:0f3ae6ca003814a3fac7692080d593defe787f85,sha1-0f3ae6ca003814a3fac7692080d593defe787f85
njs,0.7.6,debug,x86_64,darwin,njs-0.7.6-debug-x86_64-darwin,2022-07-24T02:41:07Z,3745016,sha1:a26fdb1c8a2474d4778f3eb44fa57b714774d49d,sha1-a26fdb1c8a2474d4778f3eb44fa57b714774d49d
njs,0.7.6,debug,x86_64,linux,njs-0.7.6-debug-x86_64-linux,2022-07-24T02:41:08Z,14294416,sha1:fd9e812f8feb7dbabb1ec7728db236070c806bff,sha1-fd9e812f8feb7dbabb1ec7728db236070c806bff
njs,0.7.6,,ppc64le,linux,njs-0.7.6-ppc64le-linux,2022-07-24T02:41:08Z,3395144,sha1:b90ba0aa6343248952a63d3b4a9bef616a3e7df1,sha1-b90ba0aa6343248952a63d3b4a9bef616a3e7df1
njs,0.7.6,,x86_64,darwin,njs-0.7.6-x86_64-darwin,2022-07-24T02:41:08Z,3232800,sha1:dd754cdc9b4aa0b827373198e6411386e72bcb16,sha1-dd754cdc9b4aa0b827373198e6411386e72bcb16
njs,0.7.6,,x86_64,linux,njs-0.7.6-x86_64-linux,2022-07-24T02:41:08Z,3227816,sha1:58a7ed0c58249996b9d4e501f89810bd103328b5,sha1-58a7ed0c58249996b9d4e501f89810bd103328b5
njs,0.7.7,,aarch64,linux,njs-0.7.7-aarch64-linux,2022-09-04T02:53:23Z,2958216,sha1:5a2022f56a55edd1647bc9e7152c9925d315e3bb,sha1-5a2022f56a55edd1647bc9e7152c9925d315e3bb
njs,0.7.7,,armv7l,linux,njs-0.7.7-armv7l-linux,2022-09-04T02:53:23Z,2122760,sha1:7bcfa42481f07fb7c1793df4aba8cf474b91877e,sha1-7bcfa42481f07fb7c1793df4aba8cf474b91877e
njs,0.7.7,debug,aarch64,linux,njs-0.7.7-debug-aarch64-linux,2022-09-04T02:53:23Z,14292488,sha1:f65d992b362e08ef8b0a2ac7f3a5473f64604ee9,sha1-f65d992b362e08ef8b0a2ac7f3a5473f64604ee9
njs,0.7.7,debug,armv7l,linux,njs-0.7.7-debug-armv7l-linux,2022-09-04T02:53:23Z,11510044,sha1:9d1b06e3b1d8b6fb48098ecaeca31297b77d9c36,sha1-9d1b06e3b1d8b6fb48098ecaeca31297b77d9c36
njs,0.7.7,debug,ppc64le,linux,njs-0.7.7-debug-ppc64le-linux,2022-09-04T02:53:24Z,14105360,sha1:d43d6884a4d7564b6d4f062bece0669ecff55453,sha1-d43d6884a4d7564b6d4f062bece0669ecff55453
njs,0.7.7,debug,x86_64,darwin,njs-0.7.7-debug-x86_64-darwin,2022-10-16T03:10:06Z,3765128,sha1:abce6b09e27e784e33fc193b868d8cbb8ed248db,sha1-abce6b09e27e784e33fc193b868d8cbb8ed248db
njs,0.7.7,debug,x86_64,linux,njs-0.7.7-debug-x86_64-linux,2022-09-04T02:53:24Z,14351840,sha1:de80646b7b0a0754952f069d8b10bba14167ecf3,sha1-de80646b7b0a0754952f069d8b10bba14167ecf3
njs,0.7.7,,ppc64le,linux,njs-0.7.7-ppc64le-linux,2022-09-04T02:53:24Z,3397168,sha1:d9d347a92b4c66b5944c5817a73dac75683e11ff,sha1-d9d347a92b4c66b5944c5817a73dac75683e11ff
njs,0.7.7,,x86_64,darwin,njs-0.7.7-x86_64-darwin,2022-10-16T03:10:08Z,3233328,sha1:d238746a9a7c329639267304e66a22854063a8d9,sha1-d238746a9a7c329639267304e66a22854063a8d9
njs,0.7.7,,x86_64,linux,njs-0.7.7-x86_64-linux,2022-09-04T02:53:25Z,3233928,sha1:211b3c8447a6b7d945f5d425d4702628bf0e3884,sha1-211b3c8447a6b7d945f5d425d4702628bf0e3884
njs,0.7.8,,aarch64,linux,njs-0.7.8-aarch64-linux,2022-11-13T02:27:47Z,2970632,sha1:a485a292d19230c8ae91e1c667225494062f54e5,sha1-a485a292d19230c8ae91e1c667225494062f54e5
njs,0.7.8,,armv7l,linux,njs-0.7.8-armv7l-linux,2022-11-13T02:27:47Z,2126920,sha1:2c7ace4a87033c23b9ccf3fdbf9892951f8938be,sha1-2c7ace4a87033c23b9ccf3fdbf9892951f8938be
njs,0.7.8,debug,aarch64,linux,njs-0.7.8-debug-aarch64-linux,2022-11-13T02:27:47Z,14337400,sha1:379b8b4cc3c896de705fbe456638b8835227ea8b,sha1-379b8b4cc3c896de705fbe456638b8835227ea8b
njs,0.7.8,debug,armv7l,linux,njs-0.7.8-debug-armv7l-linux,2022-11-13T02:27:47Z,11544216,sha1:2896f01dc748e521c46d4de091314f00ee978c04,sha1-2896f01dc748e521c46d4de091314f00ee978c04
njs,0.7.8,debug,ppc64le,linux,njs-0.7.8-debug-ppc64le-linux,2022-11-13T02:27:48Z,14142888,sha1:397e050b591ad8763b99dfa1c0399b977f9ce074,sha1-397e050b591ad8763b99dfa1c0399b977f9ce074
njs,0.7.8,debug,x86_64,darwin,njs-0.7.8-debug-x86_64-darwin,2022-10-30T02:54:38Z,3767176,sha1:fb5bcd294b7ad3f481ad674e32b4f3386b69314f,sha1-fb5bcd294b7ad3f481ad674e32b4f3386b69314f
njs,0.7.8,debug,x86_64,linux,njs-0.7.8-debug-x86_64-linux,2022-11-13T02:27:48Z,14395736,sha1:112e7c9884bfe8e17b38b3c9ebb2715ef5c65678,sha1-112e7c9884bfe8e17b38b3c9ebb2715ef5c65678
njs,0.7.8,,ppc64le,linux,njs-0.7.8-ppc64le-linux,2022-11-13T02:27:48Z,3397296,sha1:f196744bbb9738a9b41abb361687f5c94e1f3039,sha1-f196744bbb9738a9b41abb361687f5c94e1f3039
njs,0.7.8,,x86_64,darwin,njs-0.7.8-x86_64-darwin,2022-10-30T02:54:39Z,3249768,sha1:f275490dd67294826e6c11431370522b47df70a7,sha1-f275490dd67294826e6c11431370522b47df70a7
njs,0.7.8,,x86_64,linux,njs-0.7.8-x86_64-linux,2022-11-13T02:27:49Z,3242248,sha1:044d48b2da2eb8aec23c1a9ff64cb19409ccf153,sha1-044d48b2da2eb8aec23c1a9ff64cb19409ccf153
njs,0.7.9,,aarch64,linux,njs-0.7.9-aarch64-linux,2022-11-20T02:29:16Z,2970520,sha1:cf60637793beec6e7725c8ccbc1795f0188c5fd3,sha1-cf60637793beec6e7725c8ccbc1795f0188c5fd3
njs,0.7.9,,armv7l,linux,njs-0.7.9-armv7l-linux,2022-11-20T02:29:16Z,2122744,sha1:31b58581fe1cccee7fe7729799596ef3bb6b5af9,sha1-31b58581fe1cccee7fe7729799596ef3bb6b5af9
njs,0.7.9,debug,aarch64,linux,njs-0.7.9-debug-aarch64-linux,2022-11-20T02:29:16Z,14553104,sha1:935b2090827a502a2897ffbde45be7530dc801a9,sha1-935b2090827a502a2897ffbde45be7530dc801a9
njs,0.7.9,debug,armv7l,linux,njs-0.7.9-debug-armv7l-linux,2022-11-20T02:29:16Z,11690008,sha1:9eb0e75e9ef679bd2b2e5884699956a55ebee681,sha1-9eb0e75e9ef679bd2b2e5884699956a55ebee681
njs,0.7.9,debug,ppc64le,linux,njs-0.7.9-debug-ppc64le-linux,2022-11-20T02:29:17Z,14348736,sha1:14099b765266b61bc5e4e0379a4554e3ad3d98ca,sha1-14099b765266b61bc5e4e0379a4554e3ad3d98ca
njs,0.7.9,debug,x86_64,darwin,njs-0.7.9-debug-x86_64-darwin,2023-01-22T02:08:57Z,4753688,sha1:5124e94fec0f1946fa129d537b28158f486a7434,sha1-5124e94fec0f1946fa129d537b28158f486a7434
njs,0.7.9,debug,x86_64,linux,njs-0.7.9-debug-x86_64-linux,2022-11-20T02:29:17Z,14619888,sha1:272009310169e59efb0a83481b524a65efc957df,sha1-272009310169e59efb0a83481b524a65efc957df
njs,0.7.9,,ppc64le,linux,njs-0.7.9-ppc64le-linux,2022-11-20T02:29:17Z,3397168,sha1:3b8279977da7fd9f1554636a291f22f6abf84631,sha1-3b8279977da7fd9f1554636a291f22f6abf84631
njs,0.7.9,,x86_64,darwin,njs-0.7.9-x86_64-darwin,2023-01-22T02:08:58Z,4040768,sha1:414e850e4379a4a4f995e2b6ebe8a0ab7e2bb338,sha1-414e850e4379a4a4f995e2b6ebe8a0ab7e2bb338
njs,0.7.9,,x86_64,linux,njs-0.7.9-x86_64-linux,2022-11-20T02:29:18Z,3242184,sha1:48bb274d3b6d0cc40b911fe6feb9e0ee394c5f5e,sha1-48bb274d3b6d0cc40b911fe6feb9e0ee394c5f5e